"","pubid","title","author","journal","number","cites","year","cid"
"1","zCSUwVk65WsC","Ancestry, ethnicity, and race: explaining inequalities in cardiometabolic disease","SV Eastwood, G Hemani, SH Watkins, A Scally, GD Smith, N Chaturvedi","Trends in Molecular Medicine","",0,2024,NA
"2","43bX7VzcjpAC","Genetics impact risk of Alzheimer’s disease through mechanisms modulating structural brain morphology in late life","R Korologou-Linden, B Xu, E Coulthard, E Walton, A Wearn, G Hemani, et al","Journal of Neurology, Neurosurgery & Psychiatry","",0,2024,NA
"3","AHdEip9mkN0C","PheWAS-based clustering of Mendelian Randomisation instruments reveals distinct mechanism-specific causal effects between obesity and educational attainment","L Darrous, G Hemani, G Davey Smith, Z Kutalik","Nature Communications","15 (1), 1420",0,2024,NA
"4","ubry08Y2EpUC","Role of Inflammation in Depressive and Anxiety Disorders, Affect, and Cognition: Genetic and Non-Genetic Findings in the Lifelines Cohort Study.","N Mac Giollabhui, C Slaney, G Hemani, EM Foley, PJ van der Most, et al","medRxiv","2024.04. 17.24305950",0,2024,NA
"5","QD3KBmkZPeQC","Reverse Mendelian randomization separates causes from early proteomic biomarkers of glioma","L Andrews, ZA Thornton, J Zheng, JW Robinson, G Hemani, K Kurian","medRxiv","2024.03. 29.24305009",0,2024,NA
"6","6yz0xqPARnAC","Adjusting for medication status in genome-wide association studies","AHW Chong, C Kintu, Y Cho, S Fatumo, J Torres, G Davey Smith, et al","medRxiv","2024.02. 19.24303028",0,2024,NA
"7","sJsF-0ZLhtgC","Immunological Drivers and Potential Novel Drug Targets for Major Psychiatric, Neurodevelopmental, and Neurodegenerative Conditions","C Dardani, JW Robinson, HJ Jones, D Rai, E Stergiakouli, J Grove, et al","medRxiv","2024.02. 16.24302885",0,2024,NA
"8","LgRImbQfgY4C","Protein identification for stroke progression via Mendelian Randomization in Million Veteran Program and UK Biobank","AR Elmore, N Adhikari, AE Hartley, HJ Aparicio, D Posner, G Hemani, et al","medRxiv","2024.01. 31.24302111",0,2024,NA
"9","yqoGN6RLRZoC","The association between genetically elevated polyunsaturated fatty acids and risk of cancer","PC Haycock, MC Borges, K Burrows, RN Lemaitre, S Burgess, et al","EBioMedicine","91",12,2023,"5925051893404728734"
"10","hCrLmN-GePgC","Evaluating and implementing block jackknife resampling Mendelian randomization to mitigate bias induced by overlapping samples","S Fang, G Hemani, TG Richardson, TR Gaunt, G Davey Smith","Human Molecular Genetics","32 (2), 192-203",12,2023,"18257243008246671195"
"11","4vMrXwiscB8C","Review and further developments in statistical corrections for Winner’s Curse in genetic association studies","A Forde, G Hemani, J Ferguson","PLoS Genetics","19 (9), e1010546",6,2023,"15741072394663770665"
"12","_OXeSy2IsFwC","Design and quality control of large-scale two-sample Mendelian randomization studies","PC Haycock, MC Borges, K Burrows, RN Lemaitre, S Harrison, S Burgess, et al","International journal of epidemiology","52 (5), 1498-1521",4,2023,"13964433103567167126"
"13","yMeIxYmEMEAC","PheWAS-based clustering of Mendelian Randomisation instruments reveals distinct mechanism-specific causal effects between obesity and educational attainment","L Darrous, G Hemani, GD Smith, Z Kutalik","medRxiv","2023.04. 06.23288264",3,2023,"10680765501063155500"
"14","LhH-TYMQEocC","Genetic influences on alcohol flushing in East Asian populations","Y Cho, K Lin, SH Lee, C Yu, DS Valle, D Avery, J Lv, K Jung, L Li, et al","BMC genomics","24 (1), 638",2,2023,"16104096250992126423"
"15","Aul-kAQHnToC","75. PUTATIVE CAUSAL EFFECTS BETWEEN CIGARETTE SMOKING AND PERIPHERAL BLOOD DNA METHYLATION: A MENDELIAN RANDOMIZATION DIRECTION-OF-CAUSATION (MR-DOC) STUDY","M Singh, C Dolan, D Lapato, JJ Hottenga, R Pool, G Hemani, JL Min, et al","European Neuropsychopharmacology","75, S96-S97",0,2023,NA
"16","Ehil0879vHcC","Sensitivity analyses gain relevance by fixing parameters observable during the empirical analyses","G Hemani, A Gkatzionis, K Tilling, G Davey Smith","Genetic Epidemiology","47 (6), 461-462",0,2023,NA
"17","KbBQZpvPDL4C","Use of genetic correlations to examine selection bias","CY Shapland, A Gkatzionis, G Hemani, K Tilling","medRxiv","2023.04. 04.23288120",0,2023,NA
"18","ZzlSgRqYykMC","IEA","PC Haycock, MC Borges, K Burrows, RN Lemaitre, S Harrison, S Burgess, et al","International Journal of Epidemiology","1, 24",0,2023,NA
"19","umqufdRvDiIC","Within-sibship genome-wide association analyses decrease bias in estimates of direct genetic effects","LJ Howe, MG Nivard, TT Morris, AF Hansen, H Rasheed, Y Cho, et al","Nature genetics","54 (5), 581-592",262,2022,"13125623758774684051,18161981974678946290"
"20","BwyfMAYsbu0C","The EWAS Catalog: a database of epigenome-wide association studies","T Battram, P Yousefi, G Crawford, C Prince, MS Babaei, G Sharp, et al","Wellcome open research","7",131,2022,"5545367548609371668"
"21","IRz6iEL74y4C","Role of circulating polyunsaturated fatty acids on cardiovascular diseases risk: analysis using Mendelian randomization and fatty acid genetic association data from over 114 …","MC Borges, PC Haycock, J Zheng, G Hemani, MV Holmes, et al","BMC medicine","20 (1), 210",69,2022,"2556007997523228520"
"22","YohjEiUPhakC","Proteome-wide Mendelian randomization in global biobank meta-analysis reveals multi-ancestry drug targets for common diseases","H Zhao, H Rasheed, TH Nøst, Y Cho, Y Liu, L Bhatta, A Bhattacharya, et al","Cell genomics","2 (11)",29,2022,"6308786648622621534"
"23","a9-T7VOCCH8C","Investigating the transparency of reporting in two-sample summary data Mendelian randomization studies using the MR-Base platform","B Woolf, N Di Cara, C Moreno-Stokoe, V Skrivankova, K Drax, et al","International Journal of Epidemiology","51 (6), 1943-1956",26,2022,"14340849612208080816"
"24","OTTXONDVkokC","The Norwegian Mother, Father, and Child cohort study (MoBa) genotyping data resource: MoBaPsychGen pipeline v. 1","EC Corfield, O Frei, AA Shadrin, Z Rahman, A Lin, L Athanasiu, et al","BioRxiv","2022.06. 23.496289",23,2022,"17909932637225626425"
"25","WZBGuue-350C","DNA methylome-wide association study of genetic risk for depression implicates antigen processing and immune responses","X Shen, D Caramaschi, MJ Adams, RM Walker, JL Min, A Kwong, et al","Genome Medicine","14 (1), 36",18,2022,"8631515599188370787"
"26","XvxMoLDsR5gC","Pulmonary function and blood DNA methylation: a multiancestry epigenome-wide association meta-analysis","M Lee, T Huan, DL McCartney, G Chittoor, M de Vries, L Lahousse, et al","American Journal of Respiratory and Critical Care Medicine","206 (3), 321-336",17,2022,"1128410773493408641"
"27","L7CI7m0gUJcC","Polygenic risks for joint developmental trajectories of internalizing and externalizing problems: findings from the ALSPAC cohort","LG Speyer, S Neaves, HA Hall, G Hemani, MV Lombardo, AL Murray, et al","Journal of Child Psychology and Psychiatry","63 (8), 948-956",15,2022,"11651670197602490702"
"28","HIFyuExEbWQC","An efficient and robust tool for colocalisation: Pair-wise Conditional and Colocalisation (PWCoCo)","JW Robinson, G Hemani, MS Babaei, Y Huang, DA Baird, EA Tsai, et al","BioRxiv","2022.08. 08.503158",12,2022,"6280600722379159600"
"29","cWzG1nlazyYC","A comparison of the genes and genesets identified by GWAS and EWAS of fifteen complex traits","T Battram, TR Gaunt, CL Relton, NJ Timpson, G Hemani","Nature communications","13 (1), 7816",11,2022,"2077213100472791927"
"30","-FonjvnnhkoC","Applying Mendelian randomization to appraise causality in relationships between nutrition and cancer","KH Wade, J Yarmolinsky, E Giovannucci, SJ Lewis, IY Millwood, et al","Cancer Causes & Control","33 (5), 631-652",10,2022,"192907581029148369"
"31","KUbvn5osdkgC","Evaluating indirect genetic effects of siblings using singletons","LJ Howe, DM Evans, G Hemani, G Davey Smith, NM Davies","PLoS Genetics","18 (7), e1010247",8,2022,"3028886905227242639"
"32","LO7wyVUgiFcC","The Bristol CMIP6 data hackathon","DM Mitchell, EJ Stone, OD Andrews, JL Bamber, RJ Bingham, J Browse, et al","Weather","77 (6), 218-221",6,2022,"10545202184548571682"
"33","4hFrxpcac9AC","The impact of fatty acids biosynthesis on the risk of cardiovascular diseases in Europeans and East Asians: a Mendelian randomization study","MC Borges, P Haycock, J Zheng, G Hemani, LJ Howe, AF Schmidt, et al","Human Molecular Genetics","31 (23), 4034-4054",5,2022,"8537094913956010152"
"34","e_rmSamDkqQC","Collection of genetic data at scale for a nationally representative population: the UK Millennium Cohort Study","E Fitzsimons, V Moulton, DA Hughes, S Neaves, K Ho, G Hemani, et al","Longitudinal and Life Course Studies","13 (1), 169-187",5,2022,"14413595990696177663"
"35","anf4URPfarAC","Evaluating the potential benefits and pitfalls of combining protein and expression quantitative trait loci in evidencing drug targets","JW Robinson, T Battram, DA Baird, PC Haycock, J Zheng, G Hemani, et al","bioRxiv","2022.03. 15.484248",4,2022,"12073970713149815261"
"36","9c2xU6iGI7YC","Trans-ancestry meta-analysis improves performance of genetic scores for multiple adiposity-related traits in East Asian populations","Z Fairhurst-Hunter, K Lin, IY Millwood, A Pozarickij, TT Chen, JM Torres, et al","medRxiv","2022.07. 05.22277254",3,2022,"281895305390760236"
"37","FAceZFleit8C","Collider bias from selecting disease samples distorts causal inferences","G Hemani, KM Tilling, GD Smith","Genetic Epidemiology","46 (3-4), 213-215",1,2022,"8323156804358429974"
"38","dBIO0h50nwkC","Trans-ancestry meta-analysis improves performance of genetic scores for multiple adiposity-related traits in East Asian populations","R Walters, Z Fairhurst-Hunter, K Lin, I Millwood, A Pozarickij, T Chen, et al","","",0,2022,NA
"39","sNmaIFBj_lkC","Meta‐Analysis in Genetic Association Studies","G Hemani","Systematic Reviews in Health Research: Meta‐Analysis in Context","396-412",0,2022,NA
"40","0izLItjtcgwC","DNA co-methylation has a stable structure and is related to specific aspects of genome regulation","SH Watkins, M Suderman, G Hemani, K Burrows, DA Lawlor, J West, et al","bioRxiv","2022.03. 16.484648",0,2022,NA
"41","DJbcl8HfkQkC","IEA","B Woolf, N Di Cara, C Moreno-Stokoe, V Skrivankova, K Drax, et al","International Journal of Epidemiology","1943, 1956",0,2022,NA
"42","xtoqd-5pKcoC","Large-scale cis- and trans-eQTL analyses identify thousands of genetic loci and polygenic scores that regulate blood gene expression","U Võsa, A Claringbould, HJ Westra, MJ Bonder, P Deelen, B Zeng, et al","Nature genetics","53 (9), 1300-1310",725,2021,"643297697688849439"
"43","VLnqNzywnoUC","Genomic and phenotypic insights from an atlas of genetic effects on DNA methylation","JL Min, G Hemani, E Hannon, KF Dekkers, J Castillo-Fernandez, R Luijk, et al","Nature genetics","53 (9), 1311-1321",225,2021,"15201328450440760349"
"44","Fu2w8maKXqMC","The variant call format provides efficient and robust storage of GWAS summary statistics","MS Lyon, SJ Andrews, B Elsworth, TR Gaunt, G Hemani, E Marcora","Genome biology","22 (1), 32",118,2021,"11538168293993444466"
"45","k8Z6L05lTy4C","Genome-wide association studies identify 137 genetic loci for DNA methylation biomarkers of aging","DL McCartney, JL Min, RC Richmond, AT Lu, MK Sobczyk, G Davies, et al","Genome biology","22, 1-25",101,2021,"1693059705318031288"
"46","z_wVstp3MssC","High COVID-19 transmission potential associated with re-opening universities can be mitigated with layered interventions","E Brooks-Pollock, H Christensen, A Trickey, G Hemani, E Nixon, et al","Nature communications","12 (1), 5017",69,2021,"8454734693725405168"
"47","kzcrU_BdoSEC","The use of negative control outcomes in Mendelian randomization to detect potential population stratification","E Sanderson, TG Richardson, G Hemani, G Davey Smith","International journal of epidemiology","50 (4), 1350-1361",69,2021,"4743131822312059982"
"48","uWiczbcajpAC","Identifying drug targets for neurological and psychiatric disease via genetics and the brain transcriptome","DA Baird, JZ Liu, J Zheng, SK Sieberts, T Perumal, B Elsworth, et al","PLoS genetics","17 (1), e1009224",50,2021,"8965001070409155366"
"49","hMsQuOkrut0C","Genome-wide association study in almost 195,000 individuals identifies 50 previously unidentified genetic loci for eye color","M Simcoe, A Valdes, F Liu, NA Furlotte, DM Evans, G Hemani, SM Ring, et al","Science Advances","7 (11), eabd1239",47,2021,"11245127040052764880"
"50","VaXvl8Fpj5cC","Causal inference for heritable phenotypic risk factors using heterogeneous genetic instruments","J Wang, Q Zhao, J Bowden, G Hemani, G Davey Smith, DS Small, et al","PLoS genetics","17 (6), e1009575",46,2021,"18027938087738029352"
"51","5Ul4iDaHHb8C","Is disrupted sleep a risk factor for Alzheimer’s disease? Evidence from a two-sample Mendelian randomization analysis","EL Anderson, RC Richmond, SE Jones, G Hemani, KH Wade, HS Dashti, et al","International journal of epidemiology","50 (3), 817-828",44,2021,"12247682391168016545,9367006268695509575"
"52","fEOibwPWpKIC","EpiGraphDB: a database and data mining platform for health data science","Y Liu, B Elsworth, P Erola, V Haberland, G Hemani, M Lyon, J Zheng, et al","Bioinformatics","37 (9), 1304-1311",44,2021,"3882516664773087037,12736305291391054306"
"53","kz9GbA2Ns4gC","Navigating sample overlap, winner’s curse and weak instrument bias in Mendelian randomization studies using the UK Biobank","II Sadreev, BL Elsworth, RE Mitchell, L Paternoster, E Sanderson, et al","MedRxiv","2021.06. 28.21259622",35,2021,"17492545359293895269"
"54","Dip1O2bNi0gC","Identical twins carry a persistent epigenetic signature of early genome programming","J van Dongen, SD Gordon, AF McRae, VV Odintsova, H Mbarek, et al","Nature Communications","12 (1), 5618",34,2021,"16992991832180400820"
"55","uc_IGeMz5qoC","Contacts and behaviours of university students during the COVID-19 pandemic at the start of the 2020/2021 academic year","E Nixon, A Trickey, H Christensen, A Finn, A Thomas, C Relton, et al","Scientific Reports","11 (1), 11728",32,2021,"4921239666068811483"
"56","5qfkUJPXOUwC","Meta-analyses identify DNA methylation associated with kidney function and damage","P Schlosser, A Tin, PR Matias-Garcia, CHL Thio, R Joehanes, H Liu, et al","Nature communications","12 (1), 7174",30,2021,"8998361669650393859"
"57","SpbeaW3--B0C","Phantom epistasis between unlinked loci","G Hemani, JE Powell, H Wang, K Shakhbazov, HJ Westra, T Esko, et al","Nature","596 (7871), E1-E3",18,2021,"12887734502367807991"
"58","gsN89kCJA0AC","An exploration of the genetic epidemiology of non-suicidal self-harm and suicide attempt","AE Russell, G Hemani, HJ Jones, T Ford, D Gunnell, J Heron, C Joinson, et al","BMC psychiatry","21 (1), 207",17,2021,"6949999363777377595"
"59","PVjk1bu6vJQC","Epigenome-wide association study of serum urate reveals insights into urate co-regulation and the SLC2A9 locus","A Tin, P Schlosser, PR Matias-Garcia, CHL Thio, R Joehanes, H Liu, Z Yu, et al","Nature communications","12 (1), 7173",13,2021,"15774533388854746504"
"60","1yQoGdGgb4wC","Assortative mating and within-spouse pair comparisons","LJ Howe, T Battram, TT Morris, FP Hartwig, G Hemani, NM Davies, et al","PLoS genetics","17 (11), e1009883",13,2021,"12626973166938452304"
"61","S16KYo8Pm5AC","Lung function, COPD and cognitive function: a multivariable and two sample Mendelian randomization study","DH Higbee, R Granell, G Hemani, GD Smith, JW Dodd","BMC Pulmonary Medicine","21, 1-7",10,2021,"9584999918985317434"
"62","dQ2og3OwTAUC","Investigating DNA methylation as a potential mediator between pigmentation genes, pigmentary traits and skin cancer","C Bonilla, B Bertoni, JL Min, G Hemani, et al","Pigment Cell & Melanoma Research","34 (5), 892-904",10,2021,"12116306656719706631"
"63","lmc2jWPfTJgC","Genetic analyses of common infections in the Avon longitudinal study of parents and children cohort","AHW Chong, RE Mitchell, G Hemani, G Davey Smith, RH Yolken, et al","Frontiers in immunology","12, 727457",5,2021,"1315316820168196890"
"64","b1wdh0AR-JQC","The bidirectional causal effects of brain morphology across the life course and risk of Alzheimer’s disease: A cross-cohort comparison and Mendelian randomization meta-analysis","R Korologou-Linden, B Xu, E Coulthard, E Walton, A Wearn, G Hemani, et al","MedRxiv","2021.05. 14.21256707",5,2021,"6231252114915656813"
"65","tYavs44e6CUC","Limits of lockdown: characterising essential contacts during strict physical distancing","A Thomas, L Danon, H Christensen, K Northstone, D Smith, E Nixon, et al","medRxiv","2021.03. 12.21253484",3,2021,"6652759078987508058"
"66","BUYA1_V_uYcC","Modelling pooling strategies for SARS-CoV-2 testing in a university setting","G Hemani, AC Thomas, JG Walker, A Trickey, E Nixon, D Ellis, et al","medRxiv","2021.01. 19.20248560",3,2021,"16666324681919498488"
"67","FPJr55Dyh1AC","Impacts of vaccination and asymptomatic testing on SARS-CoV-2 transmission dynamics in a university setting","E Nixon, A Thomas, D Stocks, AMG Barreaux, G Hemani, A Trickey, et al","medRxiv","2021.11. 22.21266565",2,2021,"18337677519248440656"
"68","i2xiXl-TujoC","Retraction Note: Detection and replication of epistasis influencing transcription in humans","G Hemani, K Shakhbazov, HJ Westra, T Esko, AK Henders, AF McRae, et al","Nature","596 (7871), 306-306",2,2021,"10145174726136137807"
"69","p__nRnzSRKYC","University students and staff able to maintain low daily contact numbers during various COVID-19 guideline periods","A Trickey, E Nixon, H Christensen, A Finn, A Thomas, C Relton, et al","Epidemiology & Infection","149, e169",2,2021,"18278826930631950765"
"70","Z5m8FVwuT1cC","Contact patterns before and during the UK's Autumn 2020 COVID-19 lockdown among university students and staff","A Trickey, EJ Nixon, H Christensen, A Finn, AC Thomas, C Relton, et al","","",1,2021,"5823123577310650307"
"71","0N-VGjzr574C","Evidence of positive and negative selection associated with DNA methylation","C Hatcher, Genetics of DNA Methylation Consortium, G Hemani, et al","bioRxiv","2021.11. 25.469994",0,2021,NA
"72","XoXfffV-tXoC","Investigating the transparency of reporting in two-sample summary data Mendelian randomization studies","B Woolf, ND Cara, C Moreno-Stokoe, V Skrivankova, K Drax, JPT Higgins, et al","medRxiv","2021.10. 15.21264972",0,2021,NA
"73","Ug5p-4gJ2f0C","An Efficient and Robust Tool for Genetic Colocalization: Pair-wise Conditional and Colocalization (PWCoCo)","JW Robinson, G Hemani, TR Gaunt, J Zheng","GENETIC EPIDEMIOLOGY","45 (7), 786-786",0,2021,NA
"74","nZcligLrVowC","EpiGraphDB: a database and data mining platform for health data science (Nov, 10.1093/bioinformatics/btaa961, 2020)","Y Liu, B Elsworth, P Erola, V Haberland, G Hemani, M Lyon, J Zheng, et al","BIOINFORMATICS","37 (2), 288-288",0,2021,NA
"75","uDGL6kOW6j0C","Contact patterns before and during the UK's Autumn 2020 COVID-19 lockdown among university students and staff (preprint)","A Trickey, EJ Nixon, H Christensen, A Finn, AC Thomas, C Relton, et al","","",0,2021,NA
"76","NyGDZy8z5eUC","Modelling pooling strategies for SARS-CoV-2 testing in a university setting (preprint)","G Hemani, AC Thomas, JG Walker, A Trickey, E Nixon, D Ellis, et al","","",0,2021,NA
"77","Ak0FvsSvgGUC","Limits of lockdown: characterising essential contacts durin g strict physical distancing [version 1; peer review: 2 approved","A Thomas, L Danon, H Christensen, K Northstone, D Smith, E Nixon, et al","","",0,2021,NA
"78","ClCfbGk0d_YC","Impacts of vaccination and asymptomatic testing on SARS-CoV-2 transmission dynamics in a university setting (preprint)","EJ Nixon, AC Thomas, DA Stocks, AMG Barreaux, G Hemani, A Trickey, et al","","",0,2021,NA
"79","URolC5Kub84C","Collider bias undermines our understanding of COVID-19 disease risk and severity","GJ Griffith, TT Morris, MJ Tudball, A Herbert, G Mancano, L Pike, et al","Nature communications","11 (1), 1-12",760,2020,"2666034477370476664"
"80","l7t_Zn2s7bgC","Statistical inference in two-sample summary-data Mendelian randomization using robust adjusted profile score","Q Zhao, J Wang, G Hemani, J Bowden, DS Small","","",598,2020,"3842542752430359714"
"81","j8SEvjWlNXcC","The MRC IEU OpenGWAS data infrastructure","B Elsworth, M Lyon, T Alexander, Y Liu, P Matthews, J Hallett, P Bates, et al","BioRxiv","2020.08. 10.244293",463,2020,"14242058408347757045"
"82","PELIpwtuRlgC","Evidence for causal effects of lifetime smoking on risk for depression and schizophrenia: a Mendelian randomisation study","RE Wootton, RC Richmond, BG Stuijfzand, RB Lawn, HM Sallis, et al","Psychological medicine","50 (14), 2435-2443",393,2020,"7088497554232257041"
"83","VOx2b1Wkg3QC","Phenome-wide Mendelian randomization mapping the influence of the plasma proteome on complex diseases","J Zheng, V Haberland, D Baird, V Walker, PC Haycock, MR Hurle, et al","Nature genetics","52 (10), 1122-1131",361,2020,"3232934626605710701"
"84","evX43VCCuoAC","Avoiding dynastic, assortative mating, and population stratification biases in Mendelian randomization through within-family analyses","B Brumpton, E Sanderson, K Heilbron, FP Hartwig, S Harrison, GÅ Vie, et al","Nature communications","11 (1), 1-13",297,2020,"18393837849817738776,7023736369188570278,870205055217506608"
"85","dTyEYWd-f8wC","Population phenomena inflate genetic associations of complex social traits","TT Morris, NM Davies, G Hemani, GD Smith","Science advances","6 (16), eaay0328",160,2020,"4489257649777614662,13805648519850960439"
"86","yD5IFk8b50cC","Education, intelligence and Alzheimer’s disease: evidence from a multivariable two-sample Mendelian randomization study","EL Anderson, LD Howe, KH Wade, Y Ben-Shlomo, WD Hill, IJ Deary, et al","International journal of epidemiology","49 (4), 1163-1172",120,2020,"15371661525198444444,6138740788481091172,1798660689497780346"
"87","fQNAKQ3IYiAC","Is population structure in the genetic biobank era irrelevant, a challenge, or an opportunity?","DJ Lawson, NM Davies, S Haworth, B Ashraf, L Howe, A Crawford, et al","Human Genetics","139, 23-41",106,2020,"4509281667436647569,17864325527861239399"
"88","PR6Y55bgFSsC","Exploiting horizontal pleiotropy to search for causal pathways within a Mendelian randomization framework","Y Cho, PC Haycock, E Sanderson, TR Gaunt, J Zheng, AP Morris, et al","Nature communications","11 (1), 1010",82,2020,"9243354561315076226,1876435905515710028"
"89","LjlpjdlvIbIC","A transcriptome-wide Mendelian randomization study to uncover tissue-dependent regulatory mechanisms across the human phenome","TG Richardson, G Hemani, TR Gaunt, CL Relton, G Davey Smith","Nature communications","11 (1), 185",62,2020,"10103589703103531013,15188628020374493644"
"90","OU6Ihb5iCvQC","The effect of plasma lipids and lipid‐lowering interventions on bone mineral density: a Mendelian randomization study","J Zheng, MJ Brion, JP Kemp, NM Warrington, MC Borges, G Hemani, et al","Journal of Bone and Mineral Research","35 (7), 1224-1235",55,2020,"5469553350890546972"
"91","1sJd4Hv_s6UC","Bayesian reassessment of the epigenetic architecture of complex traits","D Trejo Banos, DL McCartney, M Patxot, L Anchieri, T Battram, et al","Nature communications","11 (1), 2865",55,2020,"6891450135274694157"
"92","5awf1xo2G04C","The association of DNA methylation with body mass index: distinguishing between predictors and biomarkers","ZE Reed, MJ Suderman, CL Relton, OSP Davis, G Hemani","Clinical epigenetics","12, 1-13",53,2020,"9176852334160038509"
"93","JoZmwDi-zQgC","Strengthening causal inference for complex disease using molecular quantitative trait loci","S Neumeyer, G Hemani, E Zeggini","Trends in molecular medicine","26 (2), 232-241",40,2020,"611005871204686338"
"94","yFnVuubrUp4C","Genomic and phenomic insights from an atlas of genetic effects on DNA methylation","JL Min, G Hemani, E Hannon, KF Dekkers, J Castillo-Fernandez, R Luijk, et al","MedRxiv","2020.09. 01.20180406",32,2020,"10385436048986966733"
"95","t7zJ5fGR-2UC","COVID-19 transmission in a university setting: a rapid review of modelling studies","H Christensen, K Turner, A Trickey, RD Booton, G Hemani, E Nixon, et al","MedRxiv","2020.09. 07.20189688",28,2020,"1389007021137343946"
"96","_Ybze24A_UAC","Refining attention-deficit/hyperactivity disorder and autism spectrum disorder genetic loci by integrating summary data from genome-wide association, gene expression, and DNA …","AR Hammerschlag, EM Byrne, M Agbessi, H Ahsan, I Alves, A Andiappan, et al","Biological Psychiatry","88 (6), 470-479",19,2020,"15989789422437630562"
"97","W5xh706n7nkC","Investigating evidence for a causal association between inflammation and self-harm: a multivariable Mendelian Randomisation study","AE Russell, T Ford, D Gunnell, J Heron, C Joinson, P Moran, C Relton, et al","Brain, behavior, and immunity","89, 43-50",13,2020,"12124990276592928210"
"98","-_dYPAW6P2MC","The spectre of Berkson's paradox: Collider bias in Covid‐19 research","A Herbert, G Griffith, G Hemani, L Zuccolo","Significance","17 (4), 6-7",13,2020,"4855446794485116012"
"99","_Re3VWB3Y0AC","Genome-wide association studies identify 137 loci for DNA methylation biomarkers of ageing","DL McCartney, JL Min, RC Richmond, AT Lu, MK Sobczyk, G Davies, et al","BioRxiv","2020.06. 29.133702",10,2020,"6706087443930659837"
"100","MLfJN-KU85MC","Collection of DNA samples and genetic data at scale in the UK Millennium Cohort Study","E Fitzsimons, V Moulton, DA Hughes, S Neaves, K Ho, G Hemani, et al","CLS working paper number","2020/7",8,2020,"9064120985978079281"
"101","35r97b3x0nAC","Evaluating shared genetic influences on nonsyndromic cleft lip/palate and oropharyngeal neoplasms","LJ Howe, G Hemani, C Lesseur, V Gaborieau, KU Ludwig, E Mangold, et al","Genetic epidemiology","44 (8), 924-933",6,2020,"16313133794535735431"
"102","kuK5TVdYjLIC","We should be cautious about associations of patient characteristics with COVID-19 outcomes that are identified in hospitalised patients","GJ Griffith, JAC Sterne, G Hemani, A Herbert, MJ Tudball, GC Sharp, et al","","",4,2020,"11028361029065064500"
"103","nrtMV_XWKgEC","Exploring the variance in complex traits captured by DNA methylation assays","T Battram, TR Gaunt, D Speed, NJ Timpson, G Hemani","bioRxiv","2020.10. 09.333542",1,2020,"18285790005501024229"
"104","4fGpz3EwCPoC","Implications of selection bias for the COVID Symptom Tracker Study","NM Davies, G Mancano, A Herbert, MJ Tudball, TT Morris, GJ Griffith, et al","Science","",1,2020,"13090953256231761814"
"105","jL-93Qbq4QoC","Is population structure in the genetic biobank era irrelevant, a challenge, or an opportunity?(vol 138, pg 2321, 2019)","DJ Lawson, NM Davies, S Haworth, B Ashraf, L Howe, A Crawford, et al","HUMAN GENETICS","139 (1), 43-44",0,2020,NA
"106","2tRrZ1ZAMYUC","COVID-19 transmission in a university setting: a rapid review of modelling studies (preprint)","H Christensen, K Turner, A Trickey, RD Booton, G Hemani, E Nixon, et al","","",0,2020,NA
"107","OP4eGU-M3BUC","High COVID-19 transmission potential associated with re-opening universities can be mitigated with layered interventions (preprint)","E Brooks-Pollock, H Christensen, A Trickey, G Hemani, E Nixon, et al","","",0,2020,NA
"108","ODE9OILHJdcC","Contacts and behaviours of university students during the COVID-19 pandemic at the start of the 2020/21 academic year (preprint)","EJ Nixon, A Trickey, H Christensen, A Finn, A Thomas, C Relton, et al","","",0,2020,NA
"109","oNZyr7d5Mn4C","ACE Inhibitors, ARBs and Other Anti-Hypertensive Drugs and Novel COVID-19: An Association Study from the COVID Symptom Tracker Apin 2,215,386 Individuals","H Dooley, K Lee, M Freidin, G Hemani, A Roberts, J Lavigne du Cadet, et al","","",0,2020,NA
"110","WbkHhVStYXYC","Genome-wide meta-analysis of depression identifies 102 independent variants and highlights the importance of the prefrontal brain regions","DM Howard, MJ Adams, TK Clarke, JD Hafferty, J Gibson, M Shirali, et al","Nature neuroscience","22 (3), 343-352",1826,2019,"4646974732891655438"
"111","8d8msizDQcsC","Genome-wide association analyses of risk tolerance and risky behaviors in over 1 million individuals identify hundreds of loci and shared genetic influences","R Karlsson Linnér, P Biroli, E Kong, SFW Meddens, R Wedow, et al","Nature genetics","51 (2), 245-257",582,2019,"4895631616621620461"
"112","CHSYGLWDkRkC","Maternal and fetal genetic effects on birth weight and their relevance to cardio-metabolic risk factors","NM Warrington, RN Beaumont, M Horikoshi, FR Day, Ø Helgeland, et al","Nature genetics","51 (5), 804-814",457,2019,"4168088629009092765"
"113","738O_yMBCRsC","Apparent latent structure within the UK Biobank sample has implications for epidemiological analysis","S Haworth, R Mitchell, L Corbin, KH Wade, T Dudding, A Budu-Aggrey, et al","Nature communications","10 (1), 333",303,2019,"11870654707049210023"
"114","mvPsJ3kp5DgC","Understanding the consequences of education inequality on cardiovascular disease: mendelian randomisation study","AR Carter, D Gill, NM Davies, AE Taylor, T Tillmann, J Vaucher, et al","bmj","365",211,2019,"6963194070231523409"
"115","KxtntwgDAa4C","An atlas of polygenic risk score associations to highlight putative causal relationships across the human phenome","TG Richardson, S Harrison, G Hemani, G Davey Smith","Elife","8, e43657",181,2019,"10755957454484836493"
"116","vRqMK49ujn8C","Shared polygenic risk and causal inferences in amyotrophic lateral sclerosis","S Bandres‐Ciga, AJ Noyce, G Hemani, A Nicolas, A Calvo, G Mora, et al","Annals of neurology","85 (4), 470-481",163,2019,"10732076261601737227"
"117","Tiz5es2fbqcC","Trans-ethnic kidney function association study reveals putative causal genes and effects on kidney-specific disease aetiologies","AP Morris, TH Le, H Wu, A Akbarov, PJ Van Der Most, G Hemani, et al","Nature communications","10 (1), 29",134,2019,"5091665865855257890"
"118","eflP2zaiRacC","Integrative analysis of gene expression, DNA methylation, physiological traits, and genetic variation in human skeletal muscle","DL Taylor, AU Jackson, N Narisu, G Hemani, MR Erdos, PS Chines, et al","Proceedings of the National Academy of Sciences","116 (22), 10883-10888",116,2019,"4241525339469874089"
"119","u9iWguZQMMsC","Associations of mitochondrial and nuclear mitochondrial variants and genes with seven metabolic traits","AT Kraja, C Liu, JL Fetterman, M Graff, CT Have, C Gu, LR Yanek, et al","The American Journal of Human Genetics","104 (1), 112-138",106,2019,"3080556221643860159"
"120","_5tno0g5mFcC","UK Biobank genetic data: MRC-IEU quality control, version 2","R Mitchell, G Hemani, T Dudding, L Paternoster","Bristol: University of Bristol","",100,2019,"14443947343349227871"
"121","t6usbXjVLHcC","Using the MR-Base platform to investigate risk factors and drug targets for thousands of phenotypes","VM Walker, NM Davies, G Hemani, J Zheng, PC Haycock, TR Gaunt, et al","Wellcome open research","4",87,2019,"5863277264730473085,18070352522879503639"
"122","F9fV5C73w3QC","MRC IEU UK Biobank GWAS pipeline version 2","R Mitchell, BL Elsworth, R Mitchell, CA Raistrick, L Paternoster, G Hemani, et al","University of Bristol","10",75,2019,"2044282937104410311"
"123","AXPGKjj_ei8C","Genetic evidence for assortative mating on alcohol consumption in the UK Biobank","LJ Howe, DJ Lawson, NM Davies, B St. Pourcain, SJ Lewis, et al","Nature communications","10 (1), 5039",65,2019,"8184549598221755447"
"124","XiVPGOgt02cC","Association of schizophrenia risk with disordered niacin metabolism in an Indian genome-wide association study","S Periyasamy, S John, R Padmavati, P Rajendren, P Thirunavukkarasu, et al","JAMA psychiatry","76 (10), 1026-1034",65,2019,"4474398646932498192"
"125","8AbLer7MMksC","The Parkinson's disease Mendelian randomization research portal","AJ Noyce, S Bandres‐Ciga, J Kim, K Heilbron, D Kia, G Hemani, A Xue, et al","Movement Disorders","34 (12), 1864-1872",58,2019,"15730302290148127756"
"126","70eg2SAEIzsC","Appraising the causal relevance of DNA methylation for risk of lung cancer","T Battram, RC Richmond, L Baglietto, PC Haycock, V Perduca, et al","International journal of epidemiology","48 (5), 1493-1504",57,2019,"8561944521523927802,13877693397664755941"
"127","Mojj43d5GZwC","Pathways between early‐life adversity and adolescent self‐harm: the mediating role of inflammation in the Avon Longitudinal Study of Parents and Children","AE Russell, J Heron, D Gunnell, T Ford, G Hemani, C Joinson, P Moran, et al","Journal of child psychology and psychiatry","60 (10), 1094-1103",46,2019,"1143477375144404047"
"128","5ugPr518TE4C","A Mendelian Randomization dictionary: Useful definitions and descriptions for undertaking, understanding and interpreting Mendelian Randomization studies","DA Lawlor, K Wade, MC Borges, T Palmer, FP Hartwig, G Hemani, et al","OSF preprints","",46,2019,"12716839791672081013"
"129","XiSMed-E-HIC","Calculating power to detect maternal and offspring genetic effects in genetic association studies","GH Moen, G Hemani, NM Warrington, DM Evans","Behavior Genetics","49, 327-339",32,2019,"13992991689824675821"
"130","olpn-zPbct0C","A phenome-wide Mendelian randomization study of pancreatic cancer using summary genetic data","RJ Langdon, RC Richmond, G Hemani, J Zheng, KH Wade, et al","Cancer Epidemiology, Biomarkers & Prevention","28 (12), 2070-2078",31,2019,"9588295093856553642"
"131","EUQCXRtRnyEC","Evidence for DNA methylation mediating genetic liability to non-syndromic cleft lip/palate","LJ Howe, TG Richardson, R Arathimos, L Alvizi, MR Passos-Bueno, et al","Epigenomics","11 (2), 133-145",31,2019,"15790838339182543181"
"132","lvd772isFD0C","andMe Research T","DM Howard, MJ Adams, TK Clarke, JD Hafferty, J Gibson, M Shirali, et al","Major Depressive Disorder Working Group of the Psychiatric Genomics C …","",30,2019,"147385930711693789"
"133","tOudhMTPpwUC","Investigating the causal relationship between neuroticism and depression via Mendelian randomization","D Speed, G Hemani, MS Speed, AD Børglum, SD Østergaard","Acta Psychiatrica Scandinavica","139 (4), 395",26,2019,"4385155008781231677,14761986286345992137"
"134","BrmTIyaxlBUC","Mendelian randomization evaluation of causal effects of fibrinogen on incident coronary heart disease","CK Ward-Caviness, PS De Vries, KL Wiggins, JE Huffman, LR Yanek, et al","PloS one","14 (5), e0216222",23,2019,"14422713406043289389"
"135","u_35RYKgDlwC","Schizophrenia risk and reproductive success: a Mendelian randomization study","RB Lawn, HM Sallis, AE Taylor, RE Wootton, GD Smith, NM Davies, et al","Royal Society Open Science","6 (3), 181049",21,2019,"12036642687880661721"
"136","wbdj-CoPYUoC","An integrative approach to detect epigenetic mechanisms that putatively mediate the influence of lifestyle exposures on disease susceptibility","TG Richardson, RC Richmond, TL North, G Hemani, G Davey Smith, et al","International Journal of Epidemiology","48 (3), 887-898",18,2019,"8819347255223613424"
"137","pqnbT2bcN3wC","Prenatal alcohol exposure and facial morphology in a UK cohort","LJ Howe, GC Sharp, G Hemani, L Zuccolo, S Richmond, SJ Lewis","Drug and Alcohol Dependence","197, 42-47",18,2019,"9432840165882008049"
"138","4fKUyHm3Qg0C","Using genetic instruments to estimate interactions in mendelian randomization studies","TL North, NM Davies, S Harrison, AR Carter, G Hemani, E Sanderson, et al","Epidemiology","30 (6), e33-e35",15,2019,"7337130012198545279"
"139","K3LRdlH-MEoC","Schizophrenia liability shares common molecular genetic risk factors with sleep duration and nightmares in childhood","ZE Reed, HJ Jones, G Hemani, S Zammit, OSP Davis","Wellcome Open Research","4",11,2019,"16008402807466369102,6330211503513988361"
"140","wMgC3FpKEyYC","UK Biobank Genetic Data: MRC-IEU Quality Control, version 2, 18/01/2019.","RE Mitchell, G Hemani, T Dudding, L Corbin, S Harrison, L Paternoster, et al","","",2,2019,"16396953225228264846"
"141","J-pR_7NvFogC","Comment on the Relationship Between Common Variant Schizophrenia Liability and Number of Offspring in the UK Biobank","RB Lawn, HM Sallis, AE Taylor, RE Wootton, G Davey Smith, NM Davies, et al","American Journal of Psychiatry","176 (7), 573-574",1,2019,"2364214216702499667"
"142","kRWSkSYxWN8C","Publisher Correction: Genome-wide association meta-analysis of individuals of European ancestry identifies new loci explaining a substantial fraction of hair color variation …","PG Hysi, AM Valdes, F Liu, NA Furlotte, DM Evans, V Bataille, A Visconti, et al","Nature Genetics","51 (7), 1190-1190",1,2019,"4407163861085802348"
"143","3s1wT3WcHBgC","The MR-Base platform supports systematic causal inference across the human phenome","G Hemani, J Zheng, B Elsworth, KH Wade, V Haberland, D Baird, et al","elife","7, e34408",4254,2018,"5805487985630309939"
"144","SeFeTyx0c_EC","Evaluating the potential role of pleiotropy in Mendelian randomization studies","G Hemani, J Bowden, G Davey Smith","Human molecular genetics","27 (R2), R195-R208",908,2018,"3994309054997688647"
"145","08ZZubdj9fEC","Genome-wide association analyses identify 143 risk variants and putative regulatory mechanisms for type 2 diabetes","A Xue, Y Wu, Z Zhu, F Zhang, KE Kemper, Z Zheng, L Yengo, et al","Nature communications","9 (1), 2941",692,2018,"2406570209186643212"
"146","NhqRSupF_l8C","Unraveling the polygenic architecture of complex traits using blood eQTL metaanalysis","U Võsa, A Claringbould, HJ Westra, MJ Bonder, P Deelen, B Zeng, et al","BioRxiv","447367",489,2018,"6578196114977590979"
"147","4JMBOYKVnBMC","Meffil: efficient normalization and analysis of very large DNA methylation datasets","JL Min, G Hemani, G Davey Smith, C Relton, M Suderman","Bioinformatics","34 (23), 3983-3989",276,2018,"6307686502051562586,11409468643413173770"
"148","a0OBvERweLwC","Invited commentary: detecting individual and global horizontal pleiotropy in Mendelian randomization—a job for the humble heterogeneity statistic?","J Bowden, G Hemani, G Davey Smith","American journal of epidemiology","187 (12), 2681-2685",168,2018,"977110515815320740"
"149","D03iK_w7-QYC","Genetic association of albuminuria with cardiometabolic disease and blood pressure","ME Haas, KG Aragam, CA Emdin, AG Bick, G Hemani, GD Smith, et al","The American Journal of Human Genetics","103 (4), 461-473",104,2018,"2964245894650733114"
"150","g5m5HwL7SMYC","Genome-wide association meta-analysis of individuals of European ancestry identifies new loci explaining a substantial fraction of hair color variation and heritability","PG Hysi, AM Valdes, F Liu, NA Furlotte, DM Evans, V Bataille, A Visconti, et al","Nature genetics","50 (5), 652-656",103,2018,"13488140710357348738"
"151","rO6llkc54NcC","Systematic Mendelian randomization framework elucidates hundreds of CpG sites which may mediate the influence of genetic variants on disease","TG Richardson, PC Haycock, J Zheng, NJ Timpson, TR Gaunt, et al","Human molecular genetics","27 (18), 3293-3304",69,2018,"15125610728184780263,12230543236962636547"
"152","ldfaerwXgEUC","Genome-wide association study identifies nine novel loci for 2D:4D finger ratio, a putative retrospective biomarker of testosterone exposure in utero","NM Warrington, E Shevroja, G Hemani, PG Hysi, Y Jiang, A Auton, et al","Human molecular genetics","27 (11), 2025-2038",61,2018,"9111647093724547714"
"153","fPk4N6BV_jEC","PhenoSpD: an integrated toolkit for phenotypic correlation estimation and multiple testing correction using GWAS summary statistics","J Zheng, TG Richardson, LAC Millard, G Hemani, BL Elsworth, et al","Gigascience","7 (8), giy090",60,2018,"1538400424860678361,1080296890389437879"
"154","bKqednn6t2AC","MR-Base: a platform for systematic causal inference across the phenome using billions of genetic associations","G Hemani, J Zheng, KH Wade, C Laurin, B Elsworth, S Burgess, et al","eLife Sciences Publications, Ltd","",60,2018,"9402411171056037011"
"155","35N4QoGY0k4C","Investigating the shared genetics of non-syndromic cleft lip/palate and facial morphology","LJ Howe, MK Lee, GC Sharp, G Davey Smith, B St Pourcain, JR Shaffer, et al","PLoS genetics","14 (8), e1007501",58,2018,"16477472617158755568"
"156","DUooU5lO8OsC","Causal effects of lifetime smoking on risk for depression and schizophrenia: Evidence from a Mendelian randomisation study","RE Wootton, RC Richmond, BG Stuijfzand, RB Lawn, HM Sallis, et al","Biorxiv","381301",53,2018,"1421011043520260413"
"157","RYcK_YlVTxYC","Identification of loci where DNA methylation potentially mediates genetic risk of type 1 diabetes","J Ye, TG Richardson, WL McArdle, CL Relton, KM Gillespie, M Suderman, et al","Journal of autoimmunity","93, 66-75",29,2018,"10709551208020198803"
"158","M05iB0D1s5AC","Common genetic variants and health outcomes appear geographically structured in the UK Biobank sample: old concerns returning and their implications","S Haworth, R Mitchell, L Corbin, KH Wade, T Dudding, A Budu-Aggrey, et al","BioRxiv","294876",29,2018,"9890282899505574162"
"159","ZHo1McVdvXMC","Genome-wide survey of parent-of-origin effects on DNA methylation identifies candidate imprinted loci in humans","G Cuellar Partida, C Laurin, SM Ring, TR Gaunt, AF McRae, PM Visscher, et al","Human molecular genetics","27 (16), 2927-2939",19,2018,"270829984224141265"
"160","iH-uZ7U-co4C","Partitioning phenotypic variance due to parent-of-origin effects using genomic relatedness matrices","C Laurin, G Cuellar-Partida, G Hemani, GD Smith, J Yang, DM Evans","Behavior genetics","48, 67-79",9,2018,"15998931025597689885"
"161","pyW8ca7W8N0C","Alcohol consumption and mate choice in UK Biobank: comparing observational and Mendelian randomization estimates","LJ Howe, DJ Lawson, NM Davies, BS Pourcain, SJ Lewis, GD Smith, et al","bioRxiv","418269",5,2018,"4705991719142708237"
"162","dfsIfKJdRG4C","Systematic evaluation of the causal relationship between DNA methylation and C-reactive protein","E Walton, G Hemani, A Dehghan, C Relton, GD Smith","bioRxiv","397836",4,2018,"9039599959142206840"
"163","p2g8aNsByqUC","What explains the effect of education on cardiovascular disease? Applying Mendelian randomization to identify the consequences of education inequality","AR Carter, D Gill, NM Davies, AE Taylor, T Tillmann, J Vaucher, et al","bioRxiv","488254",3,2018,"17591112932387928397"
"164","2P1L_qKh6hAC","Tendency towards being a “morning person” increases risk of Parkinson’s disease: Evidence from mendelian randomisation","AJ Noyce, DA Kia, K Heilbron, JEC Jepson, G Hemani, et al","BioRxiv","288241",3,2018,"14294075682639081912"
"165","vV6vV6tmYwMC","DNA methylation mediates genetic liability to non-syndromic cleft lip/palate","LJ Howe, TG Richardson, R Arathimos, L Alvizi, MR Passos-Bueno, et al","bioRxiv","256842",1,2018,"1436766712642784681"
"166","_xSYboBqXhAC","Trans-ethnic genome-wide association study of kidney function provides novel insight into effector genes and causal effects on kidney-specific disease aetiologies","AP Morris, TH Le, H Wu, A Akbarov, PJ van der Most, G Hemani, et al","bioRxiv","420273",0,2018,NA
"167","PVgj2kMGcgYC","King’s Research Portal","P Hysi, AM Valdes, F Liu, NA Furlotte, DM Evans, V Bataille, A Visconti, et al","","",0,2018,NA
"168","HDshCWvjkbEC","Orienting the causal relationship between imprecisely measured traits using GWAS summary data","G Hemani, K Tilling, G Davey Smith","PLoS genetics","13 (11), e1007081",1204,2017,"16670865041424319149,10560372126607873526"
"169","Wp0gIr-vW9MC","LD Hub: a centralized database and web interface to perform LD score regression that maximizes the potential of summary level GWAS data for SNP heritability and genetic …","J Zheng, AM Erzurumluoglu, BL Elsworth, JP Kemp, L Howe, PC Haycock, et al","Bioinformatics","33 (2), 272-279",922,2017,"17478279136807384039"
"170","NaGl4SEjCO4C","Recent developments in Mendelian randomization studies","J Zheng, D Baird, MC Borges, J Bowden, G Hemani, P Haycock, et al","Current epidemiology reports","4, 330-345",536,2017,"9350816392200281000"
"171","-f6ydRqryjwC","Association between telomere length and risk of cancer and non-neoplastic diseases: a Mendelian randomization study","PC Haycock, S Burgess, A Nounu, J Zheng, GN Okoli, J Bowden, et al","JAMA oncology","3 (5), 636-651",486,2017,"17112039741116860510"
"172","TFP_iSt0sucC","Estimating the causal influence of body mass index on risk of Parkinson disease: a Mendelian randomisation study","AJ Noyce, DA Kia, G Hemani, A Nicolas, TR Price, E De Pablo-Fernandez, et al","PLoS medicine","14 (6), e1002314",161,2017,"8496991259914731500"
"173","9Nmd_mFXekcC","Early Genetics and Lifecourse Epidemiology (EAGLE) Eczema Consortium. LD Hub: a centralized database and web interface to perform LD score regression that maximizes the …","J Zheng, AM Erzurumluoglu, BL Elsworth, JP Kemp, L Howe, PC Haycock, et al","Bioinformatics","33 (2), 272-279",109,2017,"6390307215221369367"
"174","JV2RwH3_ST0C","Automating Mendelian randomization through machine learning to construct a putative causal map of the human phenome","G Hemani, J Bowden, P Haycock, J Zheng, O Davis, P Flach, T Gaunt, et al","BioRxiv","173682",85,2017,"13564117679423315662"
"175","hMod-77fHWUC","The role of glycaemic and lipid risk factors in mediating the effect of BMI on coronary heart disease: a two-step, two-sample Mendelian randomisation study","L Xu, MC Borges, G Hemani, DA Lawlor","Diabetologia","60 (11), 2210-2220",79,2017,"766946919071776508"
"176","GnPB-g6toBAC","Mendelian randomization analysis identifies CpG sites as putative mediators for genetic influences on cardiovascular disease risk","TG Richardson, J Zheng, GD Smith, NJ Timpson, TR Gaunt, CL Relton, et al","The American Journal of Human Genetics","101 (4), 590-602",74,2017,"9488741613417641004"
"177","sSrBHYA8nusC","MRC IEU UK Biobank GWAS pipeline version 1","BL Elsworth, R Mitchell, CA Raistrick, L Paternoster, G Hemani, TR Gaunt","University of Bristol","10",55,2017,"12239346954976646161"
"178","NMxIlDl6LWMC","Genetic correlations reveal the shared genetic architecture of transcription in human peripheral blood","SW Lukowski, LR Lloyd-Jones, A Holloway, H Kirsten, G Hemani, J Yang, et al","Nature communications","8 (1), 483",23,2017,"1163373554844442149"
"179","maZDTaKrznsC","Investigating the role of insulin in increased adiposity: bi-directional Mendelian randomization study","RC Richmond, KH Wade, L Corbin, J Bowden, G Hemani, NJ Timpson, et al","BioRxiv","155739",10,2017,"16481305415785987833"
"180","blknAaTinKkC","Telomere Length and Risk of Cancer and Non-neoplastic Diseases: Is Survivin the Ariadne's Thread?—Reply","PC Haycock, G Hemani, A Aviv","JAMA oncology","3 (12), 1741-1742",9,2017,"4249271224410530618"
"181","j3f4tGmQtD8C","Causal epigenome-wide association study identifies CpG sites that influence cardiovascular disease risk","TG Richardson, J Zheng, GD Smith, NJ Timpson, TR Gaunt, CL Relton, et al","bioRxiv","132019",6,2017,"6065954787482706289"
"182","M3NEmzRMIkIC","Increased BMI May Protect against Parkinson's Disease: Evidence From Mendelian Randomisation Study","A Noyce, D Kia, G Hemani, A Nicolas, T Price, E Fernandez, P Haycock, et al","MOVEMENT DISORDERS","",0,2017,NA
"183","aqlVkmm33-oC","Systematic identification of genetic influences on methylation across the human life course","TR Gaunt, HA Shihab, G Hemani, JL Min, G Woodward, O Lyttleton, et al","Genome biology","17, 1-14",579,2016,"9234354860860950510"
"184","TQgYirikUcIC","Two-sample Mendelian randomization: avoiding the downsides of a powerful, widely applicable but potentially fallible technique","FP Hartwig, NM Davies, G Hemani, G Davey Smith","International journal of epidemiology","45 (6), 1717-1726",514,2016,"10441421087766869259"
"185","dhFuZR0502QC","Genome-wide associations for birth weight and correlations with adult disease","M Horikoshi, RN Beaumont, FR Day, NM Warrington, MN Kooijman, et al","Nature","538 (7624), 248-252",460,2016,"11873769860050120960"
"186","YOwf2qJgpHMC","Prenatal and early life influences on epigenetic age in children: a study of mother–offspring pairs from two cohort studies","AJ Simpkin, G Hemani, M Suderman, TR Gaunt, O Lyttleton, WL Mcardle, et al","Human molecular genetics","25 (1), 191-201",201,2016,"5728300406059764223"
"187","4TOpqqG69KYC","Plasma urate concentration and risk of coronary heart disease: a Mendelian randomisation analysis","J White, R Sofat, G Hemani, T Shah, J Engmann, C Dale, S Shah, et al","The lancet Diabetes & endocrinology","4 (4), 327-336",143,2016,"9057129963115549866"
"188","mVmsd5A6BfQC","Challenges and novel approaches for investigating molecular mediation","RC Richmond, G Hemani, K Tilling, G Davey Smith, CL Relton","Human molecular genetics","25 (R2), R149-R156",119,2016,"9453423580618425551"
"189","O3NaXMp0MMsC","Genetic relationship between schizophrenia and nicotine dependence","J Chen, SA Bacanu, H Yu, Z Zhao, P Jia, KS Kendler, HR Kranzler, et al","Scientific reports","6 (1), 25671",79,2016,"12660070882357253414"
"190","QIV2ME_5wuYC","Endometriosis risk alleles at 1p36. 12 act through inverse regulation of CDC42 and LINC00339","JE Powell, JN Fung, K Shakhbazov, Y Sapkota, N Cloonan, G Hemani, et al","Human molecular genetics","25 (22), 5046-5058",76,2016,"7419489745643186035"
"191","M3ejUd6NZC8C","Genome-wide meta-analysis of cotinine levels in cigarette smokers identifies locus at 4q13. 2","JJ Ware, X Chen, J Vink, A Loukola, C Minica, R Pool, Y Milaneschi, et al","Scientific reports","6 (1), 20092",50,2016,"14759584759675752855"
"192","qxL8FJ1GzNcC","Evidence for genetic overlap between schizophrenia and age at first birth in women","D Mehta, FC Tropf, J Gratten, A Bakshi, Z Zhu, SA Bacanu, G Hemani, et al","JAMA psychiatry","73 (5), 497-505",47,2016,"267474646264240885"
"193","4DMP91E08xMC","Shared genetic control of expression and methylation in peripheral blood","K Shakhbazov, JE Powell, G Hemani, AK Henders, NG Martin, et al","BMC genomics","17, 1-13",14,2016,"8445592800051287939"
"194","9ZlFYXVOiuMC","Collapsed methylation quantitative trait loci analysis for low frequency and rare variants","TG Richardson, HA Shihab, G Hemani, J Zheng, E Hannon, J Mill, et al","Human molecular genetics","25 (19), 4339-4349",12,2016,"1337551842076637978,1903200642819419264"
"195","qUcmZB5y_30C","LD hub and MR-base: online platforms for preforming LD score regression and Mendelian randomization analysis using GWAS summary data","J Zheng, P Haycock, G Hemani, B Elsworth, H Shihab, C Laurin, et al","Behavior Genetics","46 (6), 815-815",7,2016,"17623079326994583016"
"196","IWHjjKOFINEC","Genome-wide association study of 6,939 individuals identifies five novel loci and suggests that prenatal exposure to testosterone is not a major determinant of individual …","N Warrington, G Hemani, P Hysi, M Mangino, G McMahon, M Hickey, et al","Behavior Genetics","46 (6), 813-813",1,2016,"13390682095544610411"
"197","hC7cP41nSMkC","Detecting parent of origin effects using GREML of transmitted genotypes","C Laurin, G Hemani, D Evans","Behavior Genetics","46 (6), 792-793",0,2016,NA
"198","L8Ckcad2t8MC","Investigating DNA Methylation as a Marker for Historical Smoke Exposure and a Mediator of Disease Risk","RC Richmond, M Suderman, P Haycock, G Hemani, CL Relton, GD Smith","GENETIC EPIDEMIOLOGY","40 (7), 617-618",0,2016,NA
"199","KlAtU1dfN6UC","Genetic variance estimation with imputed variants finds negligible missing heritability for human height and body mass index","J Yang, A Bakshi, Z Zhu, G Hemani, AAE Vinkhuyzen, SH Lee, et al","Nature genetics","47 (10), 1114-1120",849,2015,"9730355260135351437"
"200","ufrVoPGSRksC","Dominance genetic variation contributes little to the missing heritability for human complex traits","Z Zhu, A Bakshi, AAE Vinkhuyzen, G Hemani, SH Lee, IM Nolte, et al","The American Journal of Human Genetics","96 (3), 377-385",227,2015,"307083007950779370"
"201","Zph67rFs4hoC","Population genetic differentiation of height and body mass index across Europe","MR Robinson, G Hemani, C Medina-Gomez, M Mezzavilla, T Esko, et al","Nature genetics","47 (11), 1357-1362",218,2015,"17335150694059718731"
"202","kNdYIx-mwKoC","Directional dominance on stature and cognition in diverse human populations","PK Joshi, T Esko, H Mattsson, N Eklund, I Gandin, T Nutile, AU Jackson, et al","Nature","523 (7561), 459-462",182,2015,"9099270425715378481"
"203","MXK_kJrjxJIC","The association between lower educational attainment and depression owing to shared genetic effects? Results in~ 25 000 subjects","WJ Peyrot, SH Lee, Y Milaneschi, A Abdellaoui, EM Byrne, T Esko, et al","Molecular psychiatry","20 (6), 735-743",93,2015,"1711125242218539343"
"204","ULOm3_A8WrAC","Genome-wide genetic homogeneity between sexes and populations for human height and body mass index","J Yang, A Bakshi, Z Zhu, G Hemani, AAE Vinkhuyzen, IM Nolte, et al","Human molecular genetics","24 (25), 7445-7449",67,2015,"9941858249466953375"
"205","8k81kl-MbHgC","Genome-wide association study of blood lead shows multiple associations near ALAD","NM Warrington, G Zhu, V Dy, AC Heath, PAF Madden, G Hemani, et al","Human molecular genetics","24 (13), 3871-3879",31,2015,"3082378505808288976"
"206","_kc_bZDykSQC","The role of common genetic variation in educational attainment and income: evidence from the National Child Development Study","NM Davies, G Hemani, NJ Timpson, F Windmeijer, G Davey Smith","Scientific Reports","5 (1), 16509",20,2015,"13002405889632316518"
"207","F1b5ZUV5XREC","Genome-wide genetic homogeneity between sexes and populations for human height and body mass index.","YJ Yang Jian, A Bakshi, ZZH Zhu ZhiHong, G Hemani, AAE Vinkhuyzen, et al","","",0,2015,NA
"208","IjCSPb-OGe4C","Mendelian randomization: genetic anchors for causal inference in epidemiological studies","G Davey Smith, G Hemani","Human molecular genetics","23 (R1), R89-R98",2740,2014,"8711471820813605196"
"209","2osOgNQ5qMEC","Defining the role of common variation in the genomic and biological architecture of adult human height","AR Wood, T Esko, J Yang, S Vedantam, TH Pers, S Gustafsson, AY Chu, et al","Nature genetics","46 (11), 1173-1186",2071,2014,"8626513868050362933"
"210","WF5omc3nYNoC","Detecting epistasis in human complex traits","WH Wei, G Hemani, CS Haley","Nature Reviews Genetics","15 (11), 722-733",467,2014,"17228070326686295063"
"211","qjMakFHDy7sC","Statistical power to detect genetic (co) variance of complex traits using SNP data in unrelated samples","PM Visscher, G Hemani, AAE Vinkhuyzen, GB Chen, SH Lee, NR Wray, et al","PLoS genetics","10 (4), e1004269",369,2014,"7889764746517428331"
"212","Y0pCki6q_DkC","Contribution of genetic variation to transgenerational inheritance of DNA methylation","AF McRae, JE Powell, AK Henders, L Bowdler, G Hemani, S Shah, et al","Genome biology","15, 1-10",279,2014,"11569911084867673725"
"213","9yKSN-GCB0IC","Retracted article: Detection and replication of epistasis influencing transcription in humans","G Hemani, K Shakhbazov, HJ Westra, T Esko, AK Henders, AF McRae, et al","Nature","508 (7495), 249-253",227,2014,"2501475825993206590"
"214","W7OEmFMy1HYC","Novel risk loci for rheumatoid arthritis in Han Chinese and congruence with risk variants in Europeans","L Jiang, J Yin, L Ye, J Yang, G Hemani, A Liu, H Zou, D He, L Sun, X Zeng, et al","Arthritis & rheumatology","66 (5), 1121-1132",88,2014,"7596330627838018360,15505317099216509802"
"215","isC4tDSrTZIC","Hemani et al. reply","G Hemani, K Shakhbazov, HJ Westra, T Esko, AK Henders, AF McRae, et al","Nature","514 (7520), E5-E6",12,2014,"14815592887552602398"
"216","Se3iqnhoufwC","Another explanation for apparent epistasis","G Hemani, K Shakhbazov, HJ Westra, T Esko, AK Henders, AF McRae, et al","Nature","514 (7520), E5",2,2014,"13903973875902177082"
"217","4xDN1ZYqzskC","Incorrect Institutional Affiliations of Authors in the Article by Jiang et al (Arthritis Rheumatol, May 2014)","L Jiang, J Yin, L Ye, J Yang, G Hemani, A Liu, H Zou, D He, L Sun, X Zeng, et al","Arthritis & Rheumatology","66 (7), 1881-1881",0,2014,NA
"218","BzfGm06jWhQC","Defining the role of common variation in the genomic and biological architecture of adult human height","RW Andrew, T Esko, J Yang, S Vedantam, H Tune, S Gustafsson, et al","Nature genetics","46 (11), 1173-1186",0,2014,NA
"219","WJVC3Jt7v1AC","Statistical Power to Detect Genetic (Co) Variance of Complex Traits Using SNP","PM Visscher, G Hemani, AAE Vinkhuyzen, GB Chen, SH Lee","","",0,2014,NA
"220","u-x6o8ySG0sC","An evolutionary perspective on epistasis and the missing heritability","G Hemani, S Knott, C Haley","PLoS genetics","9 (2), e1003295",153,2013,"2180227264170339147"
"221","zYLM7Y9cAGgC","Inference of the genetic architecture underlying BMI and height with the use of 20,240 sibling pairs","G Hemani, J Yang, A Vinkhuyzen, JE Powell, G Willemsen, JJ Hottenga, et al","The American Journal of Human Genetics","93 (5), 865-875",120,2013,"13456851428784183203"
"222","UeHWp8X0CEIC","Congruence of additive and non-additive effects on gene expression estimated from pedigree and SNP data","JE Powell, AK Henders, AF McRae, J Kim, G Hemani, NG Martin, et al","PLoS genetics","9 (5), e1003502",100,2013,"3625227134798665850"
"223","k_IJM867U9cC","Response to Lee et al.: SNP-based heritability analysis with dense data","D Speed, G Hemani, MR Johnson, DJ Balding","The American Journal of Human Genetics","93 (6), 1155-1157",20,2013,"16419366823364823561"
"224","u5HHmVD_uO8C","Improved heritability estimation from genome-wide SNPs","D Speed, G Hemani, MR Johnson, DJ Balding","The American Journal of Human Genetics","91 (6), 1011-1021",710,2012,"1470931498593535858"
"225","eQOLeE2rZwMC","Genome-wide analysis of mitral valve disease in Cavalier King Charles Spaniels","AT French, R Ogden, C Eland, G Hemani, R Pong-Wong, B Corcoran, et al","The veterinary journal","193 (1), 283-286",42,2012,"6918165933974541538"
"226","0EnyYjriUFMC","Genome-wide analysis of epistasis in body mass index using multiple human populations","WH Wei, G Hemani, A Gyenesei, V Vitart, P Navarro, C Hayward, et al","European Journal of Human Genetics","20 (8), 857-862",38,2012,"15066659272962911913"
"227","roLk4NBRz8UC","Dissecting genetic interactions in complex traits","G Hemani","The University of Edinburgh","",0,2012,NA
"228","d1gkVwhDpl0C","EpiGPU: exhaustive pairwise epistasis scans parallelized on consumer level graphics cards","G Hemani, A Theocharidis, W Wei, C Haley","Bioinformatics","27 (11), 1462-1465",119,2011,"8103593170298128206"
"229","Tyk-4Ss8FVUC","Characterisation of genome-wide association epistasis signals for serum uric acid in human population isolates","W Wei, G Hemani, AA Hicks, V Vitart, C Cabrera-Cardenas, P Navarro, et al","PLoS One","6 (8), e23836",19,2011,"1572772075669305808"
"230","2VqYfGB8ITEC","Use of non-invasive methods to collect DNA for genome wide analysis from companion animals","AT French, R Ogden, C Eland, G Hermani, B Corcoran, KM Summers","Advances in Animal Biosciences","2, 53",0,2011,NA
"231","LkGwnXOMwfcC","A Comparison of CPU and OpenCL Parallelization Methods for Correlation and Graph Layout Algorithms used in the Network Analysis of High Dimensional Data","A Theocharidis, G Hemani, M Kargas, TC Freeman","","",0,2011,NA
"232","5nxA0vEk-isC","Extensive QTL and association analyses of the QTLMAS2009 Data","G Hadjipavlou, G Hemani, R Leach, B Louro, J Nadaf, S Rowe, et al","BMC proceedings","4, 1-6",4,2010,"8888677352776078372"
"233","0CzhzZyukY4C","Hinds","DM Howard, MJ Adams, TK Clarke, JD Hafferty, J Gibson, M Shirali, et al","DAand Me Research T, Major Depressive Disorder Working Group of the …","",3,NA,"13893784439141757106"
"234","8xutWZnSdmoC","Proposal summaries","M Taylor, C Willims, E Stergiakouli","","",0,NA,NA
"235","mNrWkgRL2YcC","Author response: Genomics of 1 million parent lifespans implicates novel pathways and common diseases and distinguishes survival chances","PRHJ Timmers, N Mounier, K Lall, K Fischer, Z Ning, X Feng, et al","","",0,NA,NA
"236","M7yex6snE4oC","DNA methylation mediates genetic liability to non-syndromic cleft lip/palate","M Knapp, E Stergiakouli, B St Pourcain, GD Smith, J Sandy, CL Relton, et al","","",0,NA,NA
